id,title,description,location,media,source,date,url,data
3,Photograph,Photograph; Robert Warbrooke; Circa 1900; THSL00363,NULL,https://images.ehive.com/accounts/5051/objects/images/66vv73_6q40_m.jpg,ehive,1/01/1895 00:00:00,https://ehive.com/account/5051/object/397416,NULL
4,Photograph,Photograph; Unknown; Circa 1900; M22-3,NULL,https://images.ehive.com/accounts/5051/objects/images/1da3tst_6q4v_m.jpg,ehive,1/01/1900 0:00,https://ehive.com/account/5051/object/397447,NULL
34,Photograph,Photograph; Unknown; Circa 1900; M10-28,NULL,https://images.ehive.com/accounts/5051/objects/images/3e8dgv_6pgr_m.jpg,ehive,1/01/1900 0:00,https://ehive.com/account/5051/object/396786,NULL
37,Photograph,Photograph; Unknown; Circa 1900; M22-35,NULL,https://images.ehive.com/accounts/5051/objects/images/9buvhe_6q54_m.jpg,ehive,1/01/1900 0:00,https://ehive.com/account/5051/object/397452,NULL
66,Photograph,Photograph; Unknown; Circa 1900; MUS2015.79.105,NULL,https://images.ehive.com/accounts/5051/objects/images/15knutf_9ekt_m.jpg,ehive,1/01/1900 0:00,https://ehive.com/account/5051/object/539366,NULL
72,Photograph,Photograph; Unknown; Circa 1900; M22-29,NULL,https://images.ehive.com/accounts/5051/objects/images/1u03h00_6q4u_m.jpg,ehive,1/01/1900 0:00,https://ehive.com/account/5051/object/397446,NULL
74,Photograph,Photograph; Robert Warbrooke; Circa 1900; THSL00174,NULL,https://images.ehive.com/accounts/5051/objects/images/i4qleg_9f8v_m.jpg,ehive,1/01/1900 0:00,https://ehive.com/account/5051/object/540016,NULL
75,Photograph,Photograph; Robert Warbrooke; Circa 1900; THSL00175,NULL,https://images.ehive.com/accounts/5051/objects/images/1pis4aj_8ibo_m.jpg,ehive,1/01/1900 0:00,https://ehive.com/account/5051/object/504579,NULL
92,Photograph,Photograph; Robert Warbrooke; Circa 1900; THSL00176,NULL,https://images.ehive.com/accounts/5051/objects/images/1fc8ohf_6po7_m.jpg,ehive,1/01/1900 0:00,https://ehive.com/account/5051/object/397025,NULL
106,Photograph,Photograph; Robert Warbrooke; Circa 1900; THSL00177,NULL,https://images.ehive.com/accounts/5051/objects/images/si8bh_6q71_m.jpg,ehive,1/01/1900 0:00,https://ehive.com/account/5051/object/397513,NULL
129,Photograph,Photograph; Robert Warbrooke; Circa 1900; THSL00178,NULL,https://images.ehive.com/accounts/5051/objects/images/lpibg_6pn5_m.jpg,ehive,1/01/1900 0:00,https://ehive.com/account/5051/object/396991,NULL
149,Photograph,Photograph; Robert Warbrooke; Circa 1900; THSL00179,NULL,https://images.ehive.com/accounts/5051/objects/images/107sjdb_6pir_m.jpg,ehive,1/01/1900 0:00,https://ehive.com/account/5051/object/396850,NULL
170,Photograph,Photograph; Robert Warbrooke; Circa 1900; THSL00181,NULL,https://images.ehive.com/accounts/5051/objects/images/1d7gceq_6ptr_m.jpg,ehive,1/01/1900 0:00,https://ehive.com/account/5051/object/397209,NULL
186,Photograph,Photograph; Robert Warbrooke; Circa 1900; THSL00182,NULL,https://images.ehive.com/accounts/5051/objects/images/1krlv4p_6pgp_m.jpg,ehive,1/01/1900 0:00,https://ehive.com/account/5051/object/396784,NULL
118,Photograph,Photograph; Robert Warbrooke; Circa 1900; THSL00184,NULL,https://images.ehive.com/accounts/5051/objects/images/adcj1i_8hul_m.jpg,ehive,1/01/1904 0:00,https://ehive.com/account/5051/object/504169,NULL
135,Photograph,Photograph; Robert Warbrooke; Circa 1900; THSL00185,NULL,https://images.ehive.com/accounts/5051/objects/images/f6jv54_6psi_m.jpg,ehive,1/01/1905 0:00,https://ehive.com/account/5051/object/397168,NULL
138,Photograph,Photograph; Robert Warbrooke; Circa 1900; THSL00186,NULL,https://images.ehive.com/accounts/5051/objects/images/no4ke7_6pph_m.jpg,ehive,1/01/1905 0:00,https://ehive.com/account/5051/object/397067,NULL
180,Photograph,Photograph; Robert Warbrooke; Circa 1900; THSL00187,NULL,https://images.ehive.com/accounts/5051/objects/images/1n9ud4b_6pv8_m.jpg,ehive,1/01/1905 0:00,https://ehive.com/account/5051/object/397257,NULL
68,Photograph,Photograph; Robert Warbrooke; Circa 1900; THSL00188,NULL,https://images.ehive.com/accounts/5051/objects/images/iq5q38_9e5n_m.jpg,ehive,1/01/1906 0:00,https://ehive.com/account/5051/object/538879,NULL
147,Photograph,Photograph; Robert Warbrooke; Circa 1900; THSL00190,NULL,https://images.ehive.com/accounts/5051/objects/images/1ak1dan_6pj6_m.jpg,ehive,1/01/1906 0:00,https://ehive.com/account/5051/object/396862,NULL
2,Postcard,Photograph; Robert Warbrooke; Circa 1900; THSL00191,NULL,https://images.ehive.com/accounts/5051/objects/images/m0efsa_6qhn_m.jpg,ehive,1/01/1907 0:00,https://ehive.com/account/5051/object/397861,NULL
19,Photograph,Photograph; Robert Warbrooke; Circa 1900; THSL00192,NULL,https://images.ehive.com/accounts/5051/objects/images/1bp8g53_9f8i_m.jpg,ehive,1/01/1907 0:00,https://ehive.com/account/5051/object/540003,NULL
31,Photograph,Photograph; Robert Warbrooke; Circa 1900; THSL00193,NULL,https://images.ehive.com/accounts/5051/objects/images/1908s3s_9e84_m.jpg,ehive,1/01/1907 0:00,https://ehive.com/account/5051/object/538957,NULL
60,Photograph,Photograph; Robert Warbrooke; Circa 1900; THSL00196,NULL,https://images.ehive.com/accounts/5051/objects/images/1qken7e_6pru_m.jpg,ehive,1/01/1907 0:00,https://ehive.com/account/5051/object/397148,NULL
85,Photograph,Photograph; Robert Warbrooke; Circa 1900; THSL00197,NULL,https://images.ehive.com/accounts/5051/objects/images/1f3l064_6pj5_m.jpg,ehive,1/01/1907 0:00,https://ehive.com/account/5051/object/396861,NULL
114,Photograph,Photograph; Robert Warbrooke; Circa 1900; THSL00201,NULL,https://images.ehive.com/accounts/5051/objects/images/pbnmio_6pml_m.jpg,ehive,1/01/1907 0:00,https://ehive.com/account/5051/object/396975,NULL
185,Photograph,Photograph; Robert Warbrooke; Circa 1900; THSL00206,NULL,https://images.ehive.com/accounts/5051/objects/images/1eggsb2_6q4b_m.jpg,ehive,1/01/1907 0:00,https://ehive.com/account/5051/object/397427,NULL
12,Photograph,Photograph; Robert Warbrooke; Circa 1900; THSL00207,NULL,https://images.ehive.com/accounts/5051/objects/images/1c2ei86_9f8g_m.jpg,ehive,1/01/1908 0:00,https://ehive.com/account/5051/object/540001,NULL
48,Photograph,Photograph; Robert Warbrooke; Circa 1900; THSL00209,NULL,https://images.ehive.com/accounts/5051/objects/images/uri6dl_8i8r_m.jpg,ehive,1/01/1908 0:00,https://ehive.com/account/5051/object/504491,NULL
140,Photograph,Photograph; Robert Warbrooke; Circa 1900; THSL00214,NULL,https://images.ehive.com/accounts/5051/objects/images/sjihp9_6pqa_m.jpg,ehive,1/01/1908 0:00,https://ehive.com/account/5051/object/397095,NULL
148,Photograph,Photograph; Robert Warbrooke; Circa 1900; THSL00219,NULL,https://images.ehive.com/accounts/5051/objects/images/3ra2d7_6pld_m.jpg,ehive,1/01/1908 0:00,https://ehive.com/account/5051/object/396935,NULL
105,Photograph,Photograph; Robert Warbrooke; Circa 1900; THSL00221,NULL,https://images.ehive.com/accounts/5051/objects/images/1mnq8g8_6q5m_m.jpg,ehive,1/01/1909 0:00,https://ehive.com/account/5051/object/397470,NULL
125,Photograph,Photograph; Robert Warbrooke; Circa 1900; THSL00222,NULL,https://images.ehive.com/accounts/5051/objects/images/lcslf9_8i7j_m.jpg,ehive,1/01/1909 0:00,https://ehive.com/account/5051/object/504452,NULL
198,Photograph,Photograph; Robert Warbrooke; Circa 1900; THSL00226,NULL,https://images.ehive.com/accounts/5051/objects/images/c6d4cp_6plg_m.jpg,ehive,1/01/1909 0:00,https://ehive.com/account/5051/object/396938,NULL
5,Photograph,Photograph; Robert Warbrooke; Circa 1900; THSL00227,NULL,https://images.ehive.com/accounts/5051/objects/images/vbma23_6q5f_m.jpg,ehive,1/01/1910 0:00,https://ehive.com/account/5051/object/397463,NULL
11,Photograph,Photograph; Robert Warbrooke; Circa 1900; THSL00229,NULL,https://images.ehive.com/accounts/5051/objects/images/tp4g8n_9f8f_m.jpg,ehive,1/01/1910 0:00,https://ehive.com/account/5051/object/539999,NULL
21,Photograph,Photograph; Robert Warbrooke; Circa 1900; THSL00231,NULL,https://images.ehive.com/accounts/5051/objects/images/i9li8d_9e49_m.jpg,ehive,1/01/1910 0:00,https://ehive.com/account/5051/object/538831,NULL
24,Photograph,Photograph; Robert Warbrooke; Circa 1900; THSL00232,NULL,https://images.ehive.com/accounts/5051/objects/images/dlp924_8i7o_m.jpg,ehive,1/01/1910 0:00,https://ehive.com/account/5051/object/504457,NULL
54,Photograph,Photograph; Robert Warbrooke; Circa 1900; THSL00234,NULL,https://images.ehive.com/accounts/5051/objects/images/18fuvbj_6ppl_m.jpg,ehive,1/01/1910 0:00,https://ehive.com/account/5051/object/397072,NULL
70,Photograph,Photograph; Robert Warbrooke; Circa 1900; THSL00235,NULL,https://images.ehive.com/accounts/5051/objects/images/1o5ttbp_9e46_m.jpg,ehive,1/01/1910 0:00,https://ehive.com/account/5051/object/538828,NULL
89,Photograph,Photograph; Robert Warbrooke; Circa 1900; THSL00236,NULL,https://images.ehive.com/accounts/5051/objects/images/aiv80f_6pgs_m.jpg,ehive,1/01/1910 0:00,https://ehive.com/account/5051/object/396787,NULL
91,Photograph,Photograph; Robert Warbrooke; Circa 1900; THSL00237,NULL,https://images.ehive.com/accounts/5051/objects/images/vrcio6_6pns_m.jpg,ehive,1/01/1910 0:00,https://ehive.com/account/5051/object/397014,NULL
101,Photograph,Photograph; Robert Warbrooke; Circa 1900; THSL00238,NULL,https://images.ehive.com/accounts/5051/objects/images/1isge4p_6ptj_m.jpg,ehive,1/01/1910 0:00,https://ehive.com/account/5051/object/397201,NULL
104,Photograph,Photograph; Robert Warbrooke; Circa 1900; THSL00239,NULL,https://images.ehive.com/accounts/5051/objects/images/1047dsd_6q2s_m.jpg,ehive,1/01/1910 0:00,https://ehive.com/account/5051/object/397379,NULL
133,Photograph,Photograph; Robert Warbrooke; Circa 1900; THSL00241,NULL,https://images.ehive.com/accounts/5051/objects/images/1qduhg1_6pic_m.jpg,ehive,1/01/1910 0:00,https://ehive.com/account/5051/object/396835,NULL
162,Photograph,Photograph; Robert Warbrooke; Circa 1900; THSL00243,NULL,https://images.ehive.com/accounts/5051/objects/images/1vpl6kr_9fb6_m.jpg,ehive,1/01/1910 0:00,https://ehive.com/account/5051/object/540087,NULL
167,Photograph,Photograph; Robert Warbrooke; Circa 1900; THSL00244,NULL,https://images.ehive.com/accounts/5051/objects/images/7vdgfv_9f8h_m.jpg,ehive,1/01/1910 0:00,https://ehive.com/account/5051/object/540002,NULL
175,Photograph,Photograph; Robert Warbrooke; Circa 1900; THSL00246,NULL,https://images.ehive.com/accounts/5051/objects/images/pnsmra_8i2j_m.jpg,ehive,1/01/1910 0:00,https://ehive.com/account/5051/object/504295,NULL
9,Photograph,Photograph; Robert Warbrooke; Circa 1900; THSL00247,NULL,https://images.ehive.com/accounts/5051/objects/images/1721c38_8i8s_m.jpg,ehive,1/01/1911 0:00,https://ehive.com/account/5051/object/504492,NULL
81,Photograph,Photograph; Robert Warbrooke; Circa 1900; THSL00248,NULL,https://images.ehive.com/accounts/5051/objects/images/15nq677_8i2l_m.jpg,ehive,1/01/1911 0:00,https://ehive.com/account/5051/object/504297,NULL
154,Photograph,Photograph; Robert Warbrooke; Circa 1900; THSL00250,NULL,https://images.ehive.com/accounts/5051/objects/images/153ju80_8hd6_m.jpg,ehive,1/01/1911 0:00,https://ehive.com/account/5051/object/503614,NULL
169,Photograph,Photograph; Robert Warbrooke; Circa 1900; THSL00251,NULL,https://images.ehive.com/accounts/5051/objects/images/i9hmut_6ptc_m.jpg,ehive,1/01/1912 0:00,https://ehive.com/account/5051/object/397194,NULL
65,Photograph,Photograph; Robert Warbrooke; Circa 1900; THSL00254,NULL,https://images.ehive.com/accounts/5051/objects/images/19f3qt5_8hvh_m.jpg,ehive,1/01/1914 0:00,https://ehive.com/account/5051/object/504197,NULL
77,Photograph,Photograph; Robert Warbrooke; Circa 1900; THSL00257,NULL,https://images.ehive.com/accounts/5051/objects/images/8qnho2_9eot_m.jpg,ehive,1/01/1915 0:00,https://ehive.com/account/5051/object/539494,NULL
80,Photograph,Photograph; Robert Warbrooke; Circa 1900; THSL00258,NULL,https://images.ehive.com/accounts/5051/objects/images/pt0avv_8hqu_m.jpg,ehive,1/01/1915 0:00,https://ehive.com/account/5051/object/504050,NULL
83,Photograph,Photograph; Robert Warbrooke; Circa 1900; THSL00259,NULL,https://images.ehive.com/accounts/5051/objects/images/jf5pod_6q0p_m.jpg,ehive,1/01/1915 0:00,https://ehive.com/account/5051/object/397310,NULL
99,Photograph,Photograph; Robert Warbrooke; Circa 1900; THSL00260,NULL,https://images.ehive.com/accounts/5051/objects/images/62r6r_6php_m.jpg,ehive,1/01/1915 0:00,https://ehive.com/account/5051/object/396816,NULL
36,Photograph,Photograph; Robert Warbrooke; Circa 1900; THSL00262,NULL,https://images.ehive.com/accounts/5051/objects/images/15lmcvf_6ppk_m.jpg,ehive,1/01/1916 0:00,https://ehive.com/account/5051/object/397071,NULL
61,Photograph,Photograph; Robert Warbrooke; Circa 1900; THSL00264,NULL,https://images.ehive.com/accounts/5051/objects/images/20n6iq_6qav_m.jpg,ehive,1/01/1918 0:00,https://ehive.com/account/5051/object/397640,NULL
52,Photograph,Photograph; Robert Warbrooke; Circa 1900; THSL00265,NULL,https://images.ehive.com/accounts/5051/objects/images/1jptn7j_8hbg_m.jpg,ehive,1/01/1919 0:00,https://ehive.com/account/5051/object/503560,NULL
137,Photograph,Photograph; Robert Warbrooke; Circa 1900; THSL00268,NULL,https://images.ehive.com/accounts/5051/objects/images/fnb7mr_6qqd_m.jpg,ehive,1/01/1919 0:00,https://ehive.com/account/5051/object/398078,NULL
194,Photograph,Photograph; Robert Warbrooke; Circa 1900; THSL00269,NULL,https://images.ehive.com/accounts/5051/objects/images/pq6k1t_8i16_m.jpg,ehive,1/01/1919 0:00,https://ehive.com/account/5051/object/504250,NULL
26,Photograph,Photograph; Robert Warbrooke; Circa 1900; THSL00272,NULL,https://images.ehive.com/accounts/5051/objects/images/1of95kj_8hhc_m.jpg,ehive,1/01/1920 0:00,https://ehive.com/account/5051/object/503752,NULL
50,Photograph,Photograph; Robert Warbrooke; Circa 1900; THSL00278,NULL,https://images.ehive.com/accounts/5051/objects/images/bl89o6_8h8v_m.jpg,ehive,1/01/1920 0:00,https://ehive.com/account/5051/object/503520,NULL
76,Photograph,Photograph; Robert Warbrooke; Circa 1900; THSL00280,NULL,https://images.ehive.com/accounts/5051/objects/images/1f6n24c_9f8e_m.jpg,ehive,1/01/1920 0:00,https://ehive.com/account/5051/object/539998,NULL
79,Photograph,Photograph; Robert Warbrooke; Circa 1900; THSL00281,NULL,https://images.ehive.com/accounts/5051/objects/images/1d00pp7_8hqt_m.jpg,ehive,1/01/1920 0:00,https://ehive.com/account/5051/object/504049,NULL
93,Photograph,Photograph; Robert Warbrooke; Circa 1900; THSL00282,NULL,https://images.ehive.com/accounts/5051/objects/images/94edfv_6po9_m.jpg,ehive,1/01/1920 0:00,https://ehive.com/account/5051/object/397027,NULL
113,Photograph,Photograph; Robert Warbrooke; Circa 1900; THSL00283,NULL,https://images.ehive.com/accounts/5051/objects/images/1su772u_9fel_m.jpg,ehive,1/01/1920 0:00,https://ehive.com/account/5051/object/540199,NULL
123,Photograph,Photograph; Robert Warbrooke; Circa 1900; THSL00286,NULL,https://images.ehive.com/accounts/5051/objects/images/1og4ef_8hvb_m.jpg,ehive,1/01/1920 0:00,https://ehive.com/account/5051/object/504191,NULL
128,Photograph,Photograph; Robert Warbrooke; Circa 1900; THSL00287,NULL,https://images.ehive.com/accounts/5051/objects/images/16bbikg_9ech_m.jpg,ehive,1/01/1920 0:00,https://ehive.com/account/5051/object/539098,NULL
155,Photograph,Photograph; Robert Warbrooke; Circa 1900; THSL00288,NULL,https://images.ehive.com/accounts/5051/objects/images/b824mp_6pia_m.jpg,ehive,1/01/1920 0:00,https://ehive.com/account/5051/object/396833,NULL
157,Photograph,Photograph; Robert Warbrooke; Circa 1900; THSL00290,NULL,https://images.ehive.com/accounts/5051/objects/images/26id7m_6pi8_m.jpg,ehive,1/01/1920 0:00,https://ehive.com/account/5051/object/396831,NULL
159,Photograph,Photograph; Robert Warbrooke; Circa 1900; THSL00291,NULL,https://images.ehive.com/accounts/5051/objects/images/1lja38u_6pmr_m.jpg,ehive,1/01/1920 0:00,https://ehive.com/account/5051/object/396981,NULL
182,Photograph,Photograph; Robert Warbrooke; Circa 1900; THSL00293,NULL,https://images.ehive.com/accounts/5051/objects/images/1n2jgpm_6pmt_m.jpg,ehive,1/01/1920 0:00,https://ehive.com/account/5051/object/396983,NULL
171,Photograph,Photograph; Robert Warbrooke; Circa 1900; THSL00297,NULL,https://images.ehive.com/accounts/5051/objects/images/htbbin_8hqr_m.jpg,ehive,1/01/1921 0:00,https://ehive.com/account/5051/object/504047,NULL
191,Photograph,Photograph; Robert Warbrooke; Circa 1900; THSL00298,NULL,https://images.ehive.com/accounts/5051/objects/images/iuafba_8i2o_m.jpg,ehive,1/01/1921 0:00,https://ehive.com/account/5051/object/504300,NULL
1,Postcard,Photograph; Robert Warbrooke; Circa 1900; THSL00299,NULL,https://images.ehive.com/accounts/5051/objects/images/1l10ds2_6qn2_m.jpg,ehive,1/01/1924 0:00,https://ehive.com/account/5051/object/397971,NULL
73,Photograph,Photograph; Robert Warbrooke; Circa 1900; THSL00301,NULL,https://images.ehive.com/accounts/5051/objects/images/13i9j00_8hqs_m.jpg,ehive,1/01/1925 0:00,https://ehive.com/account/5051/object/504048,NULL
108,Photograph,Photograph; Robert Warbrooke; Circa 1900; THSL00303,NULL,https://images.ehive.com/accounts/5051/objects/images/cr9nl7_6q8e_m.jpg,ehive,1/01/1925 0:00,https://ehive.com/account/5051/object/397558,NULL
127,Photograph,Photograph; Robert Warbrooke; Circa 1900; THSL00304,NULL,https://images.ehive.com/accounts/5051/objects/images/1i4r8tu_8hqv_m.jpg,ehive,1/01/1925 0:00,https://ehive.com/account/5051/object/504051,NULL
184,Photograph,Photograph; Robert Warbrooke; Circa 1900; THSL00306,NULL,https://images.ehive.com/accounts/5051/objects/images/1qj7hjv_6pi9_m.jpg,ehive,1/01/1925 0:00,https://ehive.com/account/5051/object/396832,NULL
177,Photograph,Photograph; Robert Warbrooke; Circa 1900; THSL00308,NULL,https://images.ehive.com/accounts/5051/objects/images/1cr1hl8_9nmh_m.jpg,ehive,1/01/1926 0:00,https://ehive.com/account/5051/object/538783,NULL
103,Photograph,Photograph; Robert Warbrooke; Circa 1900; THSL00309,NULL,https://images.ehive.com/accounts/5051/objects/images/bued5k_6puu_m.jpg,ehive,1/01/1928 0:00,https://ehive.com/account/5051/object/397246,NULL
145,Photograph,Photograph; Robert Warbrooke; Circa 1900; THSL00310,NULL,https://images.ehive.com/accounts/5051/objects/images/1fm56ik_9eqe_m.jpg,ehive,1/01/1929 0:00,https://ehive.com/account/5051/object/539543,NULL
183,Photograph,Photograph; Robert Warbrooke; Circa 1900; THSL00311,NULL,https://images.ehive.com/accounts/5051/objects/images/ceg03r_6qb0_m.jpg,ehive,1/01/1929 0:00,https://ehive.com/account/5051/object/397641,NULL
110,Photograph,Photograph; Robert Warbrooke; Circa 1900; THSL00344,NULL,https://images.ehive.com/accounts/5051/objects/images/19m7qet_6qbf_m.jpg,ehive,1/01/1930 0:00,https://ehive.com/account/5051/object/397657,NULL
28,Photograph,Photograph; Robert Warbrooke; Circa 1900; THSL00314,NULL,https://images.ehive.com/accounts/5051/objects/images/1fn25hp_9ep1_m.jpg,ehive,1/01/1930 0:00,https://ehive.com/account/5051/object/539498,NULL
136,Photograph,Photograph; Robert Warbrooke; Circa 1900; THSL00318,NULL,https://images.ehive.com/accounts/5051/objects/images/1p46nj8_6q4f_m.jpg,ehive,1/01/1930 0:00,https://ehive.com/account/5051/object/397431,NULL
163,Photograph,Photograph; Robert Warbrooke; Circa 1900; THSL00322,NULL,https://images.ehive.com/accounts/5051/objects/images/bb46jq_9e5u_m.jpg,ehive,1/01/1930 0:00,https://ehive.com/account/5051/object/538886,NULL
25,Photograph,Photograph; Robert Warbrooke; Circa 1900; THSL00326,NULL,https://images.ehive.com/accounts/5051/objects/images/2deqce_9e2v_m.jpg,ehive,1/01/1938 0:00,https://ehive.com/account/5051/object/538791,NULL
49,Photograph,Photograph; Robert Warbrooke; Circa 1900; THSL00328,NULL,https://images.ehive.com/accounts/5051/objects/images/mu795d_6q7q_m.jpg,ehive,1/01/1940 0:00,https://ehive.com/account/5051/object/397538,NULL
56,Photograph,Photograph; Robert Warbrooke; Circa 1900; THSL00329,NULL,https://images.ehive.com/accounts/5051/objects/images/1kha4gt_6pqf_m.jpg,ehive,1/01/1940 0:00,https://ehive.com/account/5051/object/397100,NULL
62,Photograph,Photograph; Robert Warbrooke; Circa 1900; THSL00330,NULL,https://images.ehive.com/accounts/5051/objects/images/181i0o4_6qmo_m.jpg,ehive,1/01/1940 0:00,https://ehive.com/account/5051/object/397961,NULL
96,Photograph,Photograph; Robert Warbrooke; Circa 1900; THSL00331,NULL,https://images.ehive.com/accounts/5051/objects/images/vrbql8_6q3n_m.jpg,ehive,1/01/1940 0:00,https://ehive.com/account/5051/object/397407,NULL
58,Photograph,Photograph; Robert Warbrooke; Circa 1900; THSL00335,NULL,https://images.ehive.com/accounts/5051/objects/images/1uojh61_6pqg_m.jpg,ehive,1/01/1945 0:00,https://ehive.com/account/5051/object/397101,NULL
126,Photograph,Photograph; Robert Warbrooke; Circa 1900; THSL00337,NULL,https://images.ehive.com/accounts/5051/objects/images/khj3eh_8i0f_m.jpg,ehive,1/01/1947 0:00,https://ehive.com/account/5051/object/504227,NULL
29,Photograph,Photograph; Robert Warbrooke; Circa 1900; THSL00338,NULL,https://images.ehive.com/accounts/5051/objects/images/1c1hhk0_6qms_m.jpg,ehive,1/01/1950 0:00,https://ehive.com/account/5051/object/397965,NULL
33,Photograph,Photograph; Robert Warbrooke; Circa 1900; THSL00339,NULL,https://images.ehive.com/accounts/5051/objects/images/htmp5i_9eh6_m.jpg,ehive,1/01/1950 0:00,https://ehive.com/account/5051/object/539247,NULL
109,Photograph,Photograph; Robert Warbrooke; Circa 1900; THSL00343,NULL,https://images.ehive.com/accounts/5051/objects/images/1lrc9qh_6qb1_m.jpg,ehive,1/01/1950 0:00,https://ehive.com/account/5051/object/397642,NULL
111,Photograph,Photograph; Robert Warbrooke; Circa 1900; THSL00345,NULL,https://images.ehive.com/accounts/5051/objects/images/484ekq_6q9h_m.jpg,ehive,1/01/1950 0:00,https://ehive.com/account/5051/object/397593,NULL
146,Photograph,Photograph; Robert Warbrooke; Circa 1900; THSL00346,NULL,https://images.ehive.com/accounts/5051/objects/images/auhaqv_9eda_m.jpg,ehive,1/01/1950 0:00,https://ehive.com/account/5051/object/539123,NULL
124,Photograph,Photograph; Robert Warbrooke; Circa 1900; THSL00349,NULL,https://images.ehive.com/accounts/5051/objects/images/cfd3h2_8i1j_m.jpg,ehive,1/01/1952 0:00,https://ehive.com/account/5051/object/504263,NULL
6,Photograph,Photograph; Robert Warbrooke; Circa 1900; THSL00350,NULL,https://images.ehive.com/accounts/5051/objects/images/14egj4i_6q92_m.jpg,ehive,1/01/1954 0:00,https://ehive.com/account/5051/object/397577,NULL
7,Photograph,Photograph; Robert Warbrooke; Circa 1900; THSL00351,NULL,https://images.ehive.com/accounts/5051/objects/images/4e0cq2_6q93_m.jpg,ehive,1/01/1954 0:00,https://ehive.com/account/5051/object/397578,NULL
